{
    "model": "RandomForestClassifier",
    "best_params": {
        "max_depth": 5,
        "n_estimators": 300,
        "random_state": 42
    },
    "metrics": {
        "accuracy": 0.8116883116883117,
        "recall": 0.7037037037037037,
        "precision": 0.7450980392156863,
        "f1": 0.7238095238095238
    }
}